[
    {
        "featureType": "administrative",
        "elementType": "labels.text.fill",
        "stylers": [
            {
                "color": "#444444"
            }
        ]
    },
    {
        "featureType": "landscape",
        "elementType": "all",
        "stylers": [
            {
                "color": "#f2f2f2"
            }
        ]
    },
    {
        "featureType": "landscape.natural.landcover",
        "elementType": "all",
        "stylers": [
            {
                "hue": "#ff0000"
            },
            {
                "visibility": "on"
            }
        ]
    },
    {
        "featureType": "poi",
        "elementType": "all",
        "stylers": [
            {
                "visibility": "off"
            }
        ]
    },
    {
        "featureType": "poi.park",
        "elementType": "geometry.fill",
        "stylers": [
            {
                "visibility": "on"
            },
            {
                "color": "#46e590"
            },
            {
                "saturation": "-20"
            },
            {
                "lightness": "51"
            }
        ]
    },
    {
        "featureType": "poi.park",
        "elementType": "geometry.stroke",
        "stylers": [
            {
                "visibility": "off"
            },
            {
                "hue": "#ff0000"
            }
        ]
    },
    {
        "featureType": "poi.park",
        "elementType": "labels.text.fill",
        "stylers": [
            {
                "hue": "#00e6ff"
            },
            {
                "visibility": "off"
            }
        ]
    },
    {
        "featureType": "road",
        "elementType": "all",
        "stylers": [
            {
                "saturation": -100
            },
            {
                "lightness": 45
            }
        ]
    },
    {
        "featureType": "road.highway",
        "elementType": "geometry.fill",
        "stylers": [
            {
                "saturation": "5"
            },
            {
                "color": "#bdbccf"
            },
            {
                "gamma": "1.09"
            },
            {
                "lightness": "0"
            }
        ]
    },
    {
        "featureType": "road.highway",
        "elementType": "geometry.stroke",
        "stylers": [
            {
                "visibility": "off"
            }
        ]
    },
    {
        "featureType": "road.highway",
        "elementType": "labels",
        "stylers": [
            {
                "visibility": "off"
            }
        ]
    },
    {
        "featureType": "road.highway",
        "elementType": "labels.text",
        "stylers": [
            {
                "visibility": "off"
            },
            {
                "color": "#000000"
            }
        ]
    },
    {
        "featureType": "road.highway",
        "elementType": "labels.icon",
        "stylers": [
            {
                "gamma": "0.55"
            },
            {
                "visibility": "on"
            }
        ]
    },
    {
        "featureType": "road.arterial",
        "elementType": "labels.icon",
        "stylers": [
            {
                "visibility": "off"
            }
        ]
    },
    {
        "featureType": "transit",
        "elementType": "all",
        "stylers": [
            {
                "visibility": "off"
            }
        ]
    },
    {
        "featureType": "water",
        "elementType": "all",
        "stylers": [
            {
                "color": "#469ce5"
            },
            {
                "visibility": "on"
            }
        ]
    }
]
